Workbook

Sheet Sheet1
B3: TABLE VI
B4: OPTIMIZATION AND DEPLOYMENT RESULTS OF THE THREE PLANNING METHODS
B5: Algorithm | C5: (\hat{F}_1) | D5: (\hat{F}_2) | E5: (\hat{F}_3) | F5: (Z) | G5: Active stations | H5: Total chargers | I5: Gap (%)
B6: B&C | C6: 0.15514 | D6: 0.01749 | E6: 0.08608 | F6: -0.01765 | G6: 8 | H6: 188 | I6: 0.001
B7: BIPSO-GR | C7: 0.20887 | D7: 0.03312 | E7: 0.20444 | F7: 0.00883 | G7: 6 | H7: 333 | I7: 0.009
B8: Hybrid | C8: 0.15514 | D8: 0.01749 | E8: 0.07959 | F8: -0.01981 | G8: 8 | H8: 181 | I8: 0.001
B13: Algorithm | C13: Active stations | D13: 11 kW | E13: 60 kW | F13: 150 kW | G13: Total chargers | H13: Installed capacity (MW) | I13: (P^{EVCS}) (MW) | J13: (Q^{EVCS}) (MVAr) | K13: HHI
B14: B&C | C14: 8 | D14: 105 | E14: 77 | F14: 6 | G14: 188 | H14: 6.675 | I14: 2.4173 | J14: 0.4908 | K14: 0.1736
B15: BIPSO-GR | C15: 6 | D15: 91 | E15: 240 | F15: 2 | G15: 333 | H15: 15.701 | I15: 5.5224 | J15: 1.1214 | K15: 0.2419
B16: Hybrid | C16: 8 | D16: 99 | E16: 79 | F16: 3 | G16: 181 | H16: 6.279 | I16: 2.2382 | J16: 0.4545 | K16: 0.1764
B22: Algorithm | C22: Raw (F_1) | D22: Raw (F_2) | E22: Raw (F_3) | F22: (\hat{F}_1) | G22: (\hat{F}_2) | H22: (\hat{F}_3) | I22: (Z) | J22: Gap (%)
B23: B&C | C23: 80.85 | D23: 255.15 | E23: 1371.8 | F23: 0.15514 | G23: 0.01749 | H23: 0.08608 | I23: -0.017654 | J23: 0.001409
B24: BIPSO-GR | C24: 108.85 | D24: 483.35 | E24: 3258.1 | F24: 0.20887 | G24: 0.03312 | H24: 0.20444 | I24: 0.008834 | J24: 0.009142
B25: Hybrid | C25: 80.85 | D25: 255.15 | E25: 1268.3 | F25: 0.15514 | G25: 0.01749 | H25: 0.07959 | I25: -0.019812 | J25: 0.001015

Sheet README
A1: EVCS GRID-IMPACT ANALYSIS — INPUT/OUTPUT WORKBOOK (v2)
A2: Khai Nguyen — MPCE Q1 paper | PowerWorld-ready MW + Mvar values
A4: THAY ĐỔI SO VỚI v1
B5: 1. Bỏ hệ số dự phòng 1.2 (1.2 chỉ dùng để chọn dung lượng MBA, không phải tải vận hành)
B6: 2. Thêm cột MW và Mvar — copy thẳng vào dialog Load Options của PowerWorld
B7: 3. Đã verify với screenshot Bus 2 = 0.499 MW / 0.101 Mvar (cấu hình Hybrid hiện tại)
A9: CÔNG THỨC TÍNH
B10: MW = (N_11×11×SCF₁₁ + N_60×60×SCF₆₀ + N_150×150×SCF₁₅₀) / 0.98 / 1000
B11: Mvar = MW × tan(arccos 0.98) = MW × 0.2031
A13: HỆ SỐ SCF (từ Chương 4 luận văn)
B14: 11 kW (xe máy): SCF = 0.35
B15: 60 kW (avg EC/ET): SCF = 0.345
B16: 150 kW (xe buýt): SCF = 0.44
B17: cosφ sau bù: 0.98
A19: CẤU TRÚC FILE
A20: Sheet 1_Charger_Configs | B20: Số trụ tại 8 trạm × 3 thuật toán (Bảng 5.6, 5.7, 5.8 luận văn)
A21: Sheet 2_EVCS_Loads | B21: MW + Mvar tự tính cho 3 thuật toán (kết quả chính)
A22: Sheet 3_Scenarios | B22: Danh sách 15 trường hợp cần chạy
A23: Sheet 4_PowerWorld_Inputs | B23: BẢNG QUAN TRỌNG NHẤT — copy từ đây vào PowerWorld
A24: Sheet 5_Results_Template | B24: Bảng trống ghi V_min, %loading, P_loss sau mỗi lần chạy
A26: QUY ƯỚC MÀU
A27: Xanh dương nhạt | B27: Cột MW (Constant Power)
A28: Vàng | B28: Cột Mvar (Constant Power)
A29: Xanh lá | B29: Cấu hình Hybrid base case — đã chạy xong trong luận văn
A30: Cam | B30: Ô trống cần điền sau khi chạy PowerWorld
A32: CÁCH ĐIỀN VÀO POWERWORLD
B33: Bus 2: Right-click → Load Options → Load Information tab
B34: → MW Value (Constant Power column) = giá trị MW từ Sheet 4
B35: → Mvar Value (Constant Power column) = giá trị Mvar từ Sheet 4
B36: → Constant Current = 0.000 (giữ nguyên)
B37: → Constant Impedance = 0.000 (giữ nguyên)
B38: Lặp lại cho Bus 4, 6, 8, 10, 13, 14, 15
A40: THỨ TỰ CHẠY 14 LẦN CÒN LẠI
A41: Bước 1 (1 giờ) | B41: Base case 2 thuật toán còn lại: S1-BC, S1-HB
A42: Bước 2 (3 giờ) | B42: N-1 mất S1: S2-BC, S2-HB, S2-HY
A43: Bước 3 (3 giờ) | B43: N-1 mất S2: S3-BC, S3-HB, S3-HY
A44: Bước 4 (2 giờ) | B44: Sensitivity ×1.2: S4-BC, S4-HB, S4-HY
A45: Bước 5 (2 giờ) | B45: Sensitivity ×1.5: S5-BC, S5-HB, S5-HY

Sheet 1_Charger_Configs
A1: CHARGER ALLOCATION BY STATION (units) — from Thesis Tables 5.6, 5.7, 5.8
A3: Station | B3: Bus | C3: TBA | D3: B&C | G3: BIPSO-GR | J3: Hybrid | M3: Status
D4: 11kW | E4: 60kW | F4: 150kW | G4: 11kW | H4: 60kW | I4: 150kW | J4: 11kW | K4: 60kW | L4: 150kW
A5: CC-TM2 | B5: 2 | C5: T10 | D5: 20 | E5: 6 | F5: 0 | G5: 25 | H5: 37 | I5: 0 | J5: 17 | K5: 5.5 | L5: 0
A6: CC-TLC | B6: 4 | C6: T14 | D6: 15 | E6: 8 | F6: 0 | G6: 0 | H6: 25 | I6: 0 | J6: 14.5 | K6: 8 | L6: 0
A7: CC-HH2 | B7: 6 | C7: T13 | D7: 12 | E7: 21 | F7: 0 | G7: 25 | H7: 75 | I7: 0 | J7: 12 | K7: 32.5 | L7: 0
A8: CC-TT1 | B8: 8 | C8: T9 | D8: 12 | E8: 6 | F8: 0 | G8: 0 | H8: 0 | I8: 0 | J8: 11.75 | K8: 6 | L8: 0 | M8: BIPSO-GR closed
A9: CC-TM1 | B9: 10 | C9: T8 | D9: 16 | E9: 9 | F9: 0 | G9: 25 | H9: 80 | I9: 0 | J9: 16 | K9: 9 | L9: 0
A10: CC-HH1 | B10: 13 | C10: T7 | D10: 10 | E10: 6 | F10: 0 | G10: 3 | H10: 2 | I10: 0 | J10: 10.25 | K10: 5.5 | L10: 0
A11: CC-BDX | B11: 14 | C11: T12 | D11: 10 | E11: 14 | F11: 6 | G11: 13 | H11: 21 | I11: 2 | J11: 6.75 | K11: 4 | L11: 3
A12: CC-TM3 | B12: 15 | C12: T11 | D12: 10 | E12: 7 | F12: 0 | G12: 0 | H12: 0 | I12: 0 | J12: 10 | K12: 6.5 | L12: 0 | M12: BIPSO-GR closed
A13: TOTAL | D13: =SUM(D5:D12) -> 105 | E13: =SUM(E5:E12) -> 77 | F13: =SUM(F5:F12) -> 6 | G13: =SUM(G5:G12) -> 91 | H13: =SUM(H5:H12) -> 240 | I13: =SUM(I5:I12) -> 2 | J13: =SUM(J5:J12) -> 98.25 | K13: =SUM(K5:K12) -> 77 | L13: =SUM(L5:L12) -> 3

Sheet 2_EVCS_Loads
A1: EVCS LOAD AT EACH BUS — MW (Constant Power) + Mvar — ready for PowerWorld
A2: Formula: MW = (N₁₁×11×0.35 + N₆₀×60×0.345 + N₁₅₀×150×0.44) / 0.98 / 1000 | Mvar = MW × 0.2031
A3: NO 1.2 reserve factor (operational load, not transformer sizing) | cosφ = 0.98 after compensation
A5: Constants
A6: SCF 11kW (EM) | B6: 0.35
A7: SCF 60kW (avg EC/ET) | B7: 0.345
A8: SCF 150kW (EB) | B8: 0.44
A9: cosφ (after comp.) | B9: 0.98
A10: tanφ = sin/cos | B10: 0.2031
A12: Station | B12: Bus | C12: TBA | D12: B&C | F12: BIPSO-GR | H12: Hybrid | J12: Verification (Hybrid)
D13: MW | E13: Mvar | F13: MW | G13: Mvar | H13: MW | I13: Mvar | J13: Appendix kW | K13: Calc kW | L13: Diff %
A14: CC-TM2 | B14: 2 | C14: T10 | D14: =('1_Charger_Configs'!D5*11*$B$6 + '1_Charger_Configs'!E5*60*$B$7 + '1_Charger_Configs'!F5*150*$B$8) / $B$9 / 1000 -> 0.20530612 | E14: =D14*$B$10 -> 0.041697673 | F14: =('1_Charger_Configs'!G5*11*$B$6 + '1_Charger_Configs'!H5*60*$B$7 + '1_Charger_Configs'!I5*150*$B$8) / $B$9 / 1000 -> 0.8797449 | G14: =F14*$B$10 -> 0.17867619 | H14: =('1_Charger_Configs'!J5*11*$B$6 + '1_Charger_Configs'!K5*60*$B$7 + '1_Charger_Configs'!L5*150*$B$8) / $B$9 / 1000 -> 0.18295918 | I14: =H14*$B$10 -> 0.03715901 | J14: 587 | K14: =H14*1000*0.98*1.2 -> 215.16 | L14: =ABS(K14-J14)/J14*100 -> 63.345826
A15: CC-TLC | B15: 4 | C15: T14 | D15: =('1_Charger_Configs'!D6*11*$B$6 + '1_Charger_Configs'!E6*60*$B$7 + '1_Charger_Configs'!F6*150*$B$8) / $B$9 / 1000 -> 0.22790816 | E15: =D15*$B$10 -> 0.046288148 | F15: =('1_Charger_Configs'!G6*11*$B$6 + '1_Charger_Configs'!H6*60*$B$7 + '1_Charger_Configs'!I6*150*$B$8) / $B$9 / 1000 -> 0.52806122 | G15: =F15*$B$10 -> 0.10724923 | H15: =('1_Charger_Configs'!J6*11*$B$6 + '1_Charger_Configs'!K6*60*$B$7 + '1_Charger_Configs'!L6*150*$B$8) / $B$9 / 1000 -> 0.22594388 | I15: =H15*$B$10 -> 0.045889202 | J15: 665.4 | K15: =H15*1000*0.98*1.2 -> 265.71 | L15: =ABS(K15-J15)/J15*100 -> 60.067628
A16: CC-HH2 | B16: 6 | C16: T13 | D16: =('1_Charger_Configs'!D7*11*$B$6 + '1_Charger_Configs'!E7*60*$B$7 + '1_Charger_Configs'!F7*150*$B$8) / $B$9 / 1000 -> 0.49071429 | E16: =D16*$B$10 -> 0.099664071 | F16: =('1_Charger_Configs'!G7*11*$B$6 + '1_Charger_Configs'!H7*60*$B$7 + '1_Charger_Configs'!I7*150*$B$8) / $B$9 / 1000 -> 1.682398 | G16: =F16*$B$10 -> 0.34169503 | H16: =('1_Charger_Configs'!J7*11*$B$6 + '1_Charger_Configs'!K7*60*$B$7 + '1_Charger_Configs'!L7*150*$B$8) / $B$9 / 1000 -> 0.73362245 | I16: =H16*$B$10 -> 0.14899872 | J16: 1838.2 | K16: =H16*1000*0.98*1.2 -> 862.74 | L16: =ABS(K16-J16)/J16*100 -> 53.066043
A17: CC-TT1 | B17: 8 | C17: T9 | D17: =('1_Charger_Configs'!D8*11*$B$6 + '1_Charger_Configs'!E8*60*$B$7 + '1_Charger_Configs'!F8*150*$B$8) / $B$9 / 1000 -> 0.17387755 | E17: =D17*$B$10 -> 0.035314531 | F17: =('1_Charger_Configs'!G8*11*$B$6 + '1_Charger_Configs'!H8*60*$B$7 + '1_Charger_Configs'!I8*150*$B$8) / $B$9 / 1000 -> 0 | G17: =F17*$B$10 -> 0 | H17: =('1_Charger_Configs'!J8*11*$B$6 + '1_Charger_Configs'!K8*60*$B$7 + '1_Charger_Configs'!L8*150*$B$8) / $B$9 / 1000 -> 0.17289541 | I17: =H17*$B$10 -> 0.035115057 | J17: 519.5 | K17: =H17*1000*0.98*1.2 -> 203.325 | L17: =ABS(K17-J17)/J17*100 -> 60.861405
A18: CC-TM1 | B18: 10 | C18: T8 | D18: =('1_Charger_Configs'!D9*11*$B$6 + '1_Charger_Configs'!E9*60*$B$7 + '1_Charger_Configs'!F9*150*$B$8) / $B$9 / 1000 -> 0.25295918 | E18: =D18*$B$10 -> 0.05137601 | F18: =('1_Charger_Configs'!G9*11*$B$6 + '1_Charger_Configs'!H9*60*$B$7 + '1_Charger_Configs'!I9*150*$B$8) / $B$9 / 1000 -> 1.7880102 | G18: =F18*$B$10 -> 0.36314487 | H18: =('1_Charger_Configs'!J9*11*$B$6 + '1_Charger_Configs'!K9*60*$B$7 + '1_Charger_Configs'!L9*150*$B$8) / $B$9 / 1000 -> 0.25295918 | I18: =H18*$B$10 -> 0.05137601 | J18: 742.8 | K18: =H18*1000*0.98*1.2 -> 297.48 | L18: =ABS(K18-J18)/J18*100 -> 59.951535
A19: CC-HH1 | B19: 13 | C19: T7 | D19: =('1_Charger_Configs'!D10*11*$B$6 + '1_Charger_Configs'!E10*60*$B$7 + '1_Charger_Configs'!F10*150*$B$8) / $B$9 / 1000 -> 0.16602041 | E19: =D19*$B$10 -> 0.033718745 | F19: =('1_Charger_Configs'!G10*11*$B$6 + '1_Charger_Configs'!H10*60*$B$7 + '1_Charger_Configs'!I10*150*$B$8) / $B$9 / 1000 -> 0.054030612 | G19: =F19*$B$10 -> 0.010973617 | H19: =('1_Charger_Configs'!J10*11*$B$6 + '1_Charger_Configs'!K10*60*$B$7 + '1_Charger_Configs'!L10*150*$B$8) / $B$9 / 1000 -> 0.15644133 | I19: =H19*$B$10 -> 0.031773233 | J19: 462.3 | K19: =H19*1000*0.98*1.2 -> 183.975 | L19: =ABS(K19-J19)/J19*100 -> 60.204413
A20: CC-BDX | B20: 14 | C20: T12 | D20: =('1_Charger_Configs'!D11*11*$B$6 + '1_Charger_Configs'!E11*60*$B$7 + '1_Charger_Configs'!F11*150*$B$8) / $B$9 / 1000 -> 0.73908163 | E20: =D20*$B$10 -> 0.15010748 | F20: =('1_Charger_Configs'!G11*11*$B$6 + '1_Charger_Configs'!H11*60*$B$7 + '1_Charger_Configs'!I11*150*$B$8) / $B$9 / 1000 -> 0.62933673 | G20: =F20*$B$10 -> 0.12781829 | H20: =('1_Charger_Configs'!J11*11*$B$6 + '1_Charger_Configs'!K11*60*$B$7 + '1_Charger_Configs'!L11*150*$B$8) / $B$9 / 1000 -> 0.31304847 | I20: =H20*$B$10 -> 0.063580144 | J20: 801.5 | K20: =H20*1000*0.98*1.2 -> 368.145 | L20: =ABS(K20-J20)/J20*100 -> 54.067998
A21: CC-TM3 | B21: 15 | C21: T11 | D21: =('1_Charger_Configs'!D12*11*$B$6 + '1_Charger_Configs'!E12*60*$B$7 + '1_Charger_Configs'!F12*150*$B$8) / $B$9 / 1000 -> 0.18714286 | E21: =D21*$B$10 -> 0.038008714 | F21: =('1_Charger_Configs'!G12*11*$B$6 + '1_Charger_Configs'!H12*60*$B$7 + '1_Charger_Configs'!I12*150*$B$8) / $B$9 / 1000 -> 0 | G21: =F21*$B$10 -> 0 | H21: =('1_Charger_Configs'!J12*11*$B$6 + '1_Charger_Configs'!K12*60*$B$7 + '1_Charger_Configs'!L12*150*$B$8) / $B$9 / 1000 -> 0.17658163 | I21: =H21*$B$10 -> 0.03586373 | J21: 508.1 | K21: =H21*1000*0.98*1.2 -> 207.66 | L21: =ABS(K21-J21)/J21*100 -> 59.130093
A22: TOTAL | D22: =SUM(D14:D21) -> 2.4430102 | E22: =SUM(E14:E21) -> 0.49617537 | F22: =SUM(F14:F21) -> 5.5615816 | G22: =SUM(G14:G21) -> 1.1295572 | H22: =SUM(H14:H21) -> 2.2144515 | I22: =SUM(I14:I21) -> 0.44975511
A24: Verification: 'Calc kW' = MW × 1000 × cosφ × 1.2 should match Appendix 6. Diff < 1% confirms correct calculation.

Sheet 3_Scenarios
A1: SCENARIO LIST — 15 PowerWorld runs
A3: # | B3: Scenario ID | C3: Algorithm | D3: Source state | E3: Multiplier | F3: Description | G3: Priority | H3: Status
A4: 1 | B4: S1-BC | C4: B&C | D4: Both S1+S2 | E4: 1 | F4: Base case — both sources OK | G4: Done | H4: ✓ Completed
A5: 2 | B5: S1-HB | C5: BIPSO-GR | D5: Both S1+S2 | E5: 1 | F5: Base case — both sources OK | G5: Done | H5: ✓ Completed
A6: 3 | B6: S1-HY | C6: Hybrid | D6: Both S1+S2 | E6: 1 | F6: Base case — both sources OK (DONE in thesis) | G6: Done | H6: ✓ Completed
A7: 4 | B7: S2-BC | C7: B&C | D7: S1 lost | E7: 1 | F7: N-1: lose S1, S2 carries all (close N.O. 3-4) | G7: 1 — High | H7: ✓ Completed
A8: 5 | B8: S2-HB | C8: BIPSO-GR | D8: S1 lost | E8: 1 | F8: N-1: lose S1, S2 carries all (close N.O. 3-4) | G8: 1 — High | H8: ✓ Completed
A9: 6 | B9: S2-HY | C9: Hybrid | D9: S1 lost | E9: 1 | F9: N-1: lose S1, S2 carries all (close N.O. 3-4) | G9: 1 — High | H9: ✓ Completed
A10: 7 | B10: S3-BC | C10: B&C | D10: S2 lost | E10: 1 | F10: N-1: lose S2, S1 carries all (close N.O. 3-4) | G10: 1 — High | H10: ✓ Completed
A11: 8 | B11: S3-HB | C11: BIPSO-GR | D11: S2 lost | E11: 1 | F11: N-1: lose S2, S1 carries all (close N.O. 3-4) | G11: 1 — High | H11: ✓ Completed
A12: 9 | B12: S3-HY | C12: Hybrid | D12: S2 lost | E12: 1 | F12: N-1: lose S2, S1 carries all (close N.O. 3-4) | G12: 1 — High | H12: ✓ Completed
A13: 10 | B13: S4-BC | C13: B&C | D13: Both S1+S2 | E13: 1.2 | F13: Sensitivity ×1.2 — seasonal tourism peak | G13: 2 — Med | H13: ✓ Completed
A14: 11 | B14: S4-HB | C14: BIPSO-GR | D14: Both S1+S2 | E14: 1.2 | F14: Sensitivity ×1.2 — seasonal tourism peak | G14: 2 — Med | H14: ✓ Completed
A15: 12 | B15: S4-HY | C15: Hybrid | D15: Both S1+S2 | E15: 1.2 | F15: Sensitivity ×1.2 — seasonal tourism peak | G15: 2 — Med | H15: ✓ Completed
... A18: 15 | B18: S5-HY | C18: Hybrid | D18: Both S1+S2 | E18: 1.5 | F18: Sensitivity ×1.5 — APEC-like event stress | G18: 2 — Med | H18: ✓ Completed

Sheet 4_PowerWorld_Inputs
A1: POWERWORLD INPUT TABLE — MW & Mvar pairs ready to copy into Load Options dialog
A2: Each row = 1 PowerWorld run. For each bus, copy MW into 'MW Value' and Mvar into 'Mvar Value' (Constant Power column).
A4: Scenario | B4: Algo | C4: Source | D4: Mult | E4: Bus 2 — CC-TM2 | G4: Bus 4 — CC-TLC | I4: Bus 6 — CC-HH2 | K4: Bus 8 — CC-TT1 | M4: Bus 10 — CC-TM1 | O4: Bus 13 — CC-HH1 | Q4: Bus 14 — CC-BDX | S4: Bus 15 — CC-TM3
E5: MW | F5: Mvar | G5: MW | H5: Mvar | I5: MW | J5: Mvar | K5: MW | L5: Mvar | M5: MW | N5: Mvar | O5: MW | P5: Mvar | Q5: MW | R5: Mvar | S5: MW | T5: Mvar
A6: S1-BC | B6: B&C | C6: Both S1+S2 | D6: 1 | E6: ='2_EVCS_Loads'!D14*1 -> 0.20530612 | F6: ='2_EVCS_Loads'!E14*1 -> 0.041697673 | G6: ='2_EVCS_Loads'!D15*1 -> 0.22790816 | H6: ='2_EVCS_Loads'!E15*1 -> 0.046288148 | I6: ='2_EVCS_Loads'!D16*1 -> 0.49071429 | J6: ='2_EVCS_Loads'!E16*1 -> 0.099664071 | K6: ='2_EVCS_Loads'!D17*1 -> 0.17387755 | L6: ='2_EVCS_Loads'!E17*1 -> 0.035314531 | M6: ='2_EVCS_Loads'!D18*1 -> 0.25295918 | N6: ='2_EVCS_Loads'!E18*1 -> 0.05137601 | O6: ='2_EVCS_Loads'!D19*1 -> 0.16602041 | P6: ='2_EVCS_Loads'!E19*1 -> 0.033718745 | Q6: ='2_EVCS_Loads'!D20*1 -> 0.73908163 | R6: ='2_EVCS_Loads'!E20*1 -> 0.15010748 | S6: ='2_EVCS_Loads'!D21*1 -> 0.18714286 | T6: ='2_EVCS_Loads'!E21*1 -> 0.038008714 | U6: Done
A7: S1-HB | B7: BIPSO-GR | C7: Both S1+S2 | D7: 1 | E7: ='2_EVCS_Loads'!F14*1 -> 0.8797449 | F7: ='2_EVCS_Loads'!G14*1 -> 0.17867619 | G7: ='2_EVCS_Loads'!F15*1 -> 0.52806122 | H7: ='2_EVCS_Loads'!G15*1 -> 0.10724923 | I7: ='2_EVCS_Loads'!F16*1 -> 1.682398 | J7: ='2_EVCS_Loads'!G16*1 -> 0.34169503 | K7: ='2_EVCS_Loads'!F17*1 -> 0 | L7: ='2_EVCS_Loads'!G17*1 -> 0 | M7: ='2_EVCS_Loads'!F18*1 -> 1.7880102 | N7: ='2_EVCS_Loads'!G18*1 -> 0.36314487 | O7: ='2_EVCS_Loads'!F19*1 -> 0.054030612 | P7: ='2_EVCS_Loads'!G19*1 -> 0.010973617 | Q7: ='2_EVCS_Loads'!F20*1 -> 0.62933673 | R7: ='2_EVCS_Loads'!G20*1 -> 0.12781829 | S7: ='2_EVCS_Loads'!F21*1 -> 0 | T7: ='2_EVCS_Loads'!G21*1 -> 0 | U7: Done
A8: S1-HY | B8: Hybrid | C8: Both S1+S2 | D8: 1 | E8: ='2_EVCS_Loads'!H14*1 -> 0.18295918 | F8: ='2_EVCS_Loads'!I14*1 -> 0.03715901 | G8: ='2_EVCS_Loads'!H15*1 -> 0.22594388 | H8: ='2_EVCS_Loads'!I15*1 -> 0.045889202 | I8: ='2_EVCS_Loads'!H16*1 -> 0.73362245 | J8: ='2_EVCS_Loads'!I16*1 -> 0.14899872 | K8: ='2_EVCS_Loads'!H17*1 -> 0.17289541 | L8: ='2_EVCS_Loads'!I17*1 -> 0.035115057 | M8: ='2_EVCS_Loads'!H18*1 -> 0.25295918 | N8: ='2_EVCS_Loads'!I18*1 -> 0.05137601 | O8: ='2_EVCS_Loads'!H19*1 -> 0.15644133 | P8: ='2_EVCS_Loads'!I19*1 -> 0.031773233 | Q8: ='2_EVCS_Loads'!H20*1 -> 0.31304847 | R8: ='2_EVCS_Loads'!I20*1 -> 0.063580144 | S8: ='2_EVCS_Loads'!H21*1 -> 0.17658163 | T8: ='2_EVCS_Loads'!I21*1 -> 0.03586373 | U8: Done
A9: S2-BC | B9: B&C | C9: S1 lost | D9: 1 | E9: ='2_EVCS_Loads'!D14*1 -> 0.20530612 | F9: ='2_EVCS_Loads'!E14*1 -> 0.041697673 | G9: ='2_EVCS_Loads'!D15*1 -> 0.22790816 | H9: ='2_EVCS_Loads'!E15*1 -> 0.046288148 | I9: ='2_EVCS_Loads'!D16*1 -> 0.49071429 | J9: ='2_EVCS_Loads'!E16*1 -> 0.099664071 | K9: ='2_EVCS_Loads'!D17*1 -> 0.17387755 | L9: ='2_EVCS_Loads'!E17*1 -> 0.035314531 | M9: ='2_EVCS_Loads'!D18*1 -> 0.25295918 | N9: ='2_EVCS_Loads'!E18*1 -> 0.05137601 | O9: ='2_EVCS_Loads'!D19*1 -> 0.16602041 | P9: ='2_EVCS_Loads'!E19*1 -> 0.033718745 | Q9: ='2_EVCS_Loads'!D20*1 -> 0.73908163 | R9: ='2_EVCS_Loads'!E20*1 -> 0.15010748 | S9: ='2_EVCS_Loads'!D21*1 -> 0.18714286 | T9: ='2_EVCS_Loads'!E21*1 -> 0.038008714 | U9: Done
A10: S2-HB | B10: BIPSO-GR | C10: S1 lost | D10: 1 | E10: ='2_EVCS_Loads'!F14*1 -> 0.8797449 | F10: ='2_EVCS_Loads'!G14*1 -> 0.17867619 | G10: ='2_EVCS_Loads'!F15*1 -> 0.52806122 | H10: ='2_EVCS_Loads'!G15*1 -> 0.10724923 | I10: ='2_EVCS_Loads'!F16*1 -> 1.682398 | J10: ='2_EVCS_Loads'!G16*1 -> 0.34169503 | K10: ='2_EVCS_Loads'!F17*1 -> 0 | L10: ='2_EVCS_Loads'!G17*1 -> 0 | M10: ='2_EVCS_Loads'!F18*1 -> 1.7880102 | N10: ='2_EVCS_Loads'!G18*1 -> 0.36314487 | O10: ='2_EVCS_Loads'!F19*1 -> 0.054030612 | P10: ='2_EVCS_Loads'!G19*1 -> 0.010973617 | Q10: ='2_EVCS_Loads'!F20*1 -> 0.62933673 | R10: ='2_EVCS_Loads'!G20*1 -> 0.12781829 | S10: ='2_EVCS_Loads'!F21*1 -> 0 | T10: ='2_EVCS_Loads'!G21*1 -> 0 | U10: Done
A11: S2-HY | B11: Hybrid | C11: S1 lost | D11: 1 | E11: ='2_EVCS_Loads'!H14*1 -> 0.18295918 | F11: ='2_EVCS_Loads'!I14*1 -> 0.03715901 | G11: ='2_EVCS_Loads'!H15*1 -> 0.22594388 | H11: ='2_EVCS_Loads'!I15*1 -> 0.045889202 | I11: ='2_EVCS_Loads'!H16*1 -> 0.73362245 | J11: ='2_EVCS_Loads'!I16*1 -> 0.14899872 | K11: ='2_EVCS_Loads'!H17*1 -> 0.17289541 | L11: ='2_EVCS_Loads'!I17*1 -> 0.035115057 | M11: ='2_EVCS_Loads'!H18*1 -> 0.25295918 | N11: ='2_EVCS_Loads'!I18*1 -> 0.05137601 | O11: ='2_EVCS_Loads'!H19*1 -> 0.15644133 | P11: ='2_EVCS_Loads'!I19*1 -> 0.031773233 | Q11: ='2_EVCS_Loads'!H20*1 -> 0.31304847 | R11: ='2_EVCS_Loads'!I20*1 -> 0.063580144 | S11: ='2_EVCS_Loads'!H21*1 -> 0.17658163 | T11: ='2_EVCS_Loads'!I21*1 -> 0.03586373 | U11: Done
A12: S3-BC | B12: B&C | C12: S2 lost | D12: 1 | E12: ='2_EVCS_Loads'!D14*1 -> 0.20530612 | F12: ='2_EVCS_Loads'!E14*1 -> 0.041697673 | G12: ='2_EVCS_Loads'!D15*1 -> 0.22790816 | H12: ='2_EVCS_Loads'!E15*1 -> 0.046288148 | I12: ='2_EVCS_Loads'!D16*1 -> 0.49071429 | J12: ='2_EVCS_Loads'!E16*1 -> 0.099664071 | K12: ='2_EVCS_Loads'!D17*1 -> 0.17387755 | L12: ='2_EVCS_Loads'!E17*1 -> 0.035314531 | M12: ='2_EVCS_Loads'!D18*1 -> 0.25295918 | N12: ='2_EVCS_Loads'!E18*1 -> 0.05137601 | O12: ='2_EVCS_Loads'!D19*1 -> 0.16602041 | P12: ='2_EVCS_Loads'!E19*1 -> 0.033718745 | Q12: ='2_EVCS_Loads'!D20*1 -> 0.73908163 | R12: ='2_EVCS_Loads'!E20*1 -> 0.15010748 | S12: ='2_EVCS_Loads'!D21*1 -> 0.18714286 | T12: ='2_EVCS_Loads'!E21*1 -> 0.038008714 | U12: Done
A13: S3-HB | B13: BIPSO-GR | C13: S2 lost | D13: 1 | E13: ='2_EVCS_Loads'!F14*1 -> 0.8797449 | F13: ='2_EVCS_Loads'!G14*1 -> 0.17867619 | G13: ='2_EVCS_Loads'!F15*1 -> 0.52806122 | H13: ='2_EVCS_Loads'!G15*1 -> 0.10724923 | I13: ='2_EVCS_Loads'!F16*1 -> 1.682398 | J13: ='2_EVCS_Loads'!G16*1 -> 0.34169503 | K13: ='2_EVCS_Loads'!F17*1 -> 0 | L13: ='2_EVCS_Loads'!G17*1 -> 0 | M13: ='2_EVCS_Loads'!F18*1 -> 1.7880102 | N13: ='2_EVCS_Loads'!G18*1 -> 0.36314487 | O13: ='2_EVCS_Loads'!F19*1 -> 0.054030612 | P13: ='2_EVCS_Loads'!G19*1 -> 0.010973617 | Q13: ='2_EVCS_Loads'!F20*1 -> 0.62933673 | R13: ='2_EVCS_Loads'!G20*1 -> 0.12781829 | S13: ='2_EVCS_Loads'!F21*1 -> 0 | T13: ='2_EVCS_Loads'!G21*1 -> 0 | U13: Done
A14: S3-HY | B14: Hybrid | C14: S2 lost | D14: 1 | E14: ='2_EVCS_Loads'!H14*1 -> 0.18295918 | F14: ='2_EVCS_Loads'!I14*1 -> 0.03715901 | G14: ='2_EVCS_Loads'!H15*1 -> 0.22594388 | H14: ='2_EVCS_Loads'!I15*1 -> 0.045889202 | I14: ='2_EVCS_Loads'!H16*1 -> 0.73362245 | J14: ='2_EVCS_Loads'!I16*1 -> 0.14899872 | K14: ='2_EVCS_Loads'!H17*1 -> 0.17289541 | L14: ='2_EVCS_Loads'!I17*1 -> 0.035115057 | M14: ='2_EVCS_Loads'!H18*1 -> 0.25295918 | N14: ='2_EVCS_Loads'!I18*1 -> 0.05137601 | O14: ='2_EVCS_Loads'!H19*1 -> 0.15644133 | P14: ='2_EVCS_Loads'!I19*1 -> 0.031773233 | Q14: ='2_EVCS_Loads'!H20*1 -> 0.31304847 | R14: ='2_EVCS_Loads'!I20*1 -> 0.063580144 | S14: ='2_EVCS_Loads'!H21*1 -> 0.17658163 | T14: ='2_EVCS_Loads'!I21*1 -> 0.03586373 | U14: Done
A15: S4-BC | B15: B&C | C15: Both S1+S2 | D15: 1.2 | E15: ='2_EVCS_Loads'!D14*1.2 -> 0.24636735 | F15: ='2_EVCS_Loads'!E14*1.2 -> 0.050037208 | G15: ='2_EVCS_Loads'!D15*1.2 -> 0.2734898 | H15: ='2_EVCS_Loads'!E15*1.2 -> 0.055545778 | I15: ='2_EVCS_Loads'!D16*1.2 -> 0.58885714 | J15: ='2_EVCS_Loads'!E16*1.2 -> 0.11959689 | K15: ='2_EVCS_Loads'!D17*1.2 -> 0.20865306 | L15: ='2_EVCS_Loads'!E17*1.2 -> 0.042377437 | M15: ='2_EVCS_Loads'!D18*1.2 -> 0.30355102 | N15: ='2_EVCS_Loads'!E18*1.2 -> 0.061651212 | O15: ='2_EVCS_Loads'!D19*1.2 -> 0.19922449 | P15: ='2_EVCS_Loads'!E19*1.2 -> 0.040462494 | Q15: ='2_EVCS_Loads'!D20*1.2 -> 0.88689796 | R15: ='2_EVCS_Loads'!E20*1.2 -> 0.18012898 | S15: ='2_EVCS_Loads'!D21*1.2 -> 0.22457143 | T15: ='2_EVCS_Loads'!E21*1.2 -> 0.045610457 | U15: Done
A16: S4-HB | B16: BIPSO-GR | C16: Both S1+S2 | D16: 1.2 | E16: ='2_EVCS_Loads'!F14*1.2 -> 1.0556939 | F16: ='2_EVCS_Loads'!G14*1.2 -> 0.21441143 | G16: ='2_EVCS_Loads'!F15*1.2 -> 0.63367347 | H16: ='2_EVCS_Loads'!G15*1.2 -> 0.12869908 | I16: ='2_EVCS_Loads'!F16*1.2 -> 2.0188776 | J16: ='2_EVCS_Loads'!G16*1.2 -> 0.41003403 | K16: ='2_EVCS_Loads'!F17*1.2 -> 0 | L16: ='2_EVCS_Loads'!G17*1.2 -> 0 | M16: ='2_EVCS_Loads'!F18*1.2 -> 2.1456122 | N16: ='2_EVCS_Loads'!G18*1.2 -> 0.43577385 | O16: ='2_EVCS_Loads'!F19*1.2 -> 0.064836735 | P16: ='2_EVCS_Loads'!G19*1.2 -> 0.013168341 | Q16: ='2_EVCS_Loads'!F20*1.2 -> 0.75520408 | R16: ='2_EVCS_Loads'!G20*1.2 -> 0.15338195 | S16: ='2_EVCS_Loads'!F21*1.2 -> 0 | T16: ='2_EVCS_Loads'!G21*1.2 -> 0 | U16: Done
A17: S4-HY | B17: Hybrid | C17: Both S1+S2 | D17: 1.2 | E17: ='2_EVCS_Loads'!H14*1.2 -> 0.21955102 | F17: ='2_EVCS_Loads'!I14*1.2 -> 0.044590812 | G17: ='2_EVCS_Loads'!H15*1.2 -> 0.27113265 | H17: ='2_EVCS_Loads'!I15*1.2 -> 0.055067042 | I17: ='2_EVCS_Loads'!H16*1.2 -> 0.88034694 | J17: ='2_EVCS_Loads'!I16*1.2 -> 0.17879846 | K17: ='2_EVCS_Loads'!H17*1.2 -> 0.20747449 | L17: ='2_EVCS_Loads'!I17*1.2 -> 0.042138069 | M17: ='2_EVCS_Loads'!H18*1.2 -> 0.30355102 | N17: ='2_EVCS_Loads'!I18*1.2 -> 0.061651212 | O17: ='2_EVCS_Loads'!H19*1.2 -> 0.18772959 | P17: ='2_EVCS_Loads'!I19*1.2 -> 0.03812788 | Q17: ='2_EVCS_Loads'!H20*1.2 -> 0.37565816 | R17: ='2_EVCS_Loads'!I20*1.2 -> 0.076296173 | S17: ='2_EVCS_Loads'!H21*1.2 -> 0.21189796 | T17: ='2_EVCS_Loads'!I21*1.2 -> 0.043036476 | U17: Done
A18: S5-BC | B18: B&C | C18: Both S1+S2 | D18: 1.5 | E18: ='2_EVCS_Loads'!D14*1.5 -> 0.30795918 | F18: ='2_EVCS_Loads'!E14*1.5 -> 0.06254651 | G18: ='2_EVCS_Loads'!D15*1.5 -> 0.34186224 | H18: ='2_EVCS_Loads'!E15*1.5 -> 0.069432222 | I18: ='2_EVCS_Loads'!D16*1.5 -> 0.73607143 | J18: ='2_EVCS_Loads'!E16*1.5 -> 0.14949611 | K18: ='2_EVCS_Loads'!D17*1.5 -> 0.26081633 | L18: ='2_EVCS_Loads'!E17*1.5 -> 0.052971796 | M18: ='2_EVCS_Loads'!D18*1.5 -> 0.37943878 | N18: ='2_EVCS_Loads'!E18*1.5 -> 0.077064015 | O18: ='2_EVCS_Loads'!D19*1.5 -> 0.24903061 | P18: ='2_EVCS_Loads'!E19*1.5 -> 0.050578117 | Q18: ='2_EVCS_Loads'!D20*1.5 -> 1.1086224 | R18: ='2_EVCS_Loads'!E20*1.5 -> 0.22516122 | S18: ='2_EVCS_Loads'!D21*1.5 -> 0.28071429 | T18: ='2_EVCS_Loads'!E21*1.5 -> 0.057013071
A19: S5-HB | B19: BIPSO-GR | C19: Both S1+S2 | D19: 1.5 | E19: ='2_EVCS_Loads'!F14*1.5 -> 1.3196173 | F19: ='2_EVCS_Loads'!G14*1.5 -> 0.26801428 | G19: ='2_EVCS_Loads'!F15*1.5 -> 0.79209184 | H19: ='2_EVCS_Loads'!G15*1.5 -> 0.16087385 | I19: ='2_EVCS_Loads'!F16*1.5 -> 2.5235969 | J19: ='2_EVCS_Loads'!G16*1.5 -> 0.51254254 | K19: ='2_EVCS_Loads'!F17*1.5 -> 0 | L19: ='2_EVCS_Loads'!G17*1.5 -> 0 | M19: ='2_EVCS_Loads'!F18*1.5 -> 2.6820153 | N19: ='2_EVCS_Loads'!G18*1.5 -> 0.54471731 | O19: ='2_EVCS_Loads'!F19*1.5 -> 0.081045918 | P19: ='2_EVCS_Loads'!G19*1.5 -> 0.016460426 | Q19: ='2_EVCS_Loads'!F20*1.5 -> 0.9440051 | R19: ='2_EVCS_Loads'!G20*1.5 -> 0.19172744 | S19: ='2_EVCS_Loads'!F21*1.5 -> 0 | T19: ='2_EVCS_Loads'!G21*1.5 -> 0
A20: S5-HY | B20: Hybrid | C20: Both S1+S2 | D20: 1.5 | E20: ='2_EVCS_Loads'!H14*1.5 -> 0.27443878 | F20: ='2_EVCS_Loads'!I14*1.5 -> 0.055738515 | G20: ='2_EVCS_Loads'!H15*1.5 -> 0.33891582 | H20: ='2_EVCS_Loads'!I15*1.5 -> 0.068833802 | I20: ='2_EVCS_Loads'!H16*1.5 -> 1.1004337 | J20: ='2_EVCS_Loads'!I16*1.5 -> 0.22349808 | K20: ='2_EVCS_Loads'!H17*1.5 -> 0.25934311 | L20: ='2_EVCS_Loads'!I17*1.5 -> 0.052672586 | M20: ='2_EVCS_Loads'!H18*1.5 -> 0.37943878 | N20: ='2_EVCS_Loads'!I18*1.5 -> 0.077064015 | O20: ='2_EVCS_Loads'!H19*1.5 -> 0.23466199 | P20: ='2_EVCS_Loads'!I19*1.5 -> 0.04765985 | Q20: ='2_EVCS_Loads'!H20*1.5 -> 0.4695727 | R20: ='2_EVCS_Loads'!I20*1.5 -> 0.095370216 | S20: ='2_EVCS_Loads'!H21*1.5 -> 0.26487245 | T20: ='2_EVCS_Loads'!I21*1.5 -> 0.053795594
A22: Notes:
A23: • N-1 (S2, S3): Open generator at lost source bus, AND close N.O. switch between Bus 3-4 (so S2 or S1 alone can serve all loads).
A24: • HBIPSO-GR: Bus 8 (CC-TT1) and Bus 15 (CC-TM3) have zero load — these stations are closed in optimization.
A25: • Hybrid base case (S1-HY) already completed — green row shows reference values.
A26: • In PowerWorld Load Options dialog: MW Value = 'MW' column, Mvar Value = 'Mvar' column (both under 'Constant Power' header).
A27: • Constant Current and Constant Impedance fields stay at 0.000.

Sheet 5_Results_Template
A1: RESULTS TEMPLATE — fill after each PowerWorld run
A2: After each NR power flow, record V_min, max feeder loading, total losses, and check violations.
A4: Scenario | B4: Algo | C4: Source | D4: Mult | E4: V_min (p.u.) | F4: Bus of V_min | G4: Max %S loading | H4: Branch of max loading | I4: P_loss (kW) | J4: Violation? (Y/N) | K4: Notes
A5: S1-BC | B5: B&C | C5: Both S1+S2 | D5: 1 | E5: 0.9994 | F5: Bus 16 (T5) | G5: 61.1 | H5: S1 to T10 | J5: N
A6: S1-HB | B6: BIPSO-GR | C6: Both S1+S2 | D6: 1 | E6: 0.9993 | F6: Bus 16 (T5) | G6: 80.8 | H6: S1 to T10 | J6: N
A7: S1-HY | B7: Hybrid | C7: Both S1+S2 | D7: 1 | E7: 0.9994 | F7: Bus 16 (T5) | G7: 60.8 | H7: S1 to T10 | J7: N
A8: S2-BC | B8: B&C | C8: S1 lost | D8: 1 | E8: 0.9978 | F8: Bus 13 (T7) | G8: 118.6 | H8: T13 to S2 | J8: Y | K8: T6 to T13 (103.2)
A9: S2-HB | B9: BIPSO-GR | C9: S1 lost | D9: 1 | E9: 0.9973 | F9: Bus 13 (T7) | G9: 157.3 | H9: T13 to S2 | J9: Y | K9: T6 to T13 (122.9)
A10: S2-HY | B10: Hybrid | C10: S1 lost | D10: 1 | E10: 0.9979 | F10: Bus 13 (T7) | G10: 116.2 | H10: T13 to S2 | J10: Y
A11: S3-BC | B11: B&C | C11: S2 lost | D11: 1 | E11: 0.9986 | F11: Bus 16 (T5) | G11: 118.5 | H11: S1 to T10 | J11: Y
A12: S3-HB | B12: BIPSO-GR | C12: S2 lost | D12: 1 | E12: 0.9983 | F12: Bus 6 (T13) | G12: 157.2 | H12: S1 to T10 | J12: Y
A13: S3-HY | B13: Hybrid | C13: S2 lost | D13: 1 | E13: 0.9987 | F13: Bus 16 (T5) | G13: 116.2 | H13: S1 to T10 | J13: Y
A14: S4-BC | B14: B&C | C14: Both S1+S2 | D14: 1.2 | E14: 0.9994 | F14: Bus 16 (T5) | G14: 62.8 | H14: S1 to T10 | J14: N
A15: S4-HB | B15: BIPSO-GR | C15: Both S1+S2 | D15: 1.2 | E15: 0.9993 | F15: Bus 16 (T5) | G15: 86.3 | H15: S1 to T10 | J15: N
A16: S4-HY | B16: Hybrid | C16: Both S1+S2 | D16: 1.2 | E16: 0.9994 | F16: Bus 16 (T5) | G16: 62.4 | H16: S1 to T10 | J16: N
A17: S5-BC | B17: B&C | C17: Both S1+S2 | D17: 1.5 | E17: 0.9994 | F17: Bus 16 (T5) | G17: 65.2 | H17: S1 to T10 | J17: N
A18: S5-HB | B18: BIPSO-GR | C18: Both S1+S2 | D18: 1.5 | E18: 0.9993 | F18: Bus 16 (T5) | G18: 94.7 | H18: S1 to T10 | J18: N
A19: S5-HY | B19: Hybrid | C19: Both S1+S2 | D19: 1.5 | E19: 0.9994 | F19: Bus 16 (T5) | G19: 64.7 | H19: S1 to T10 | J19: N
A22: QUICK ANALYSIS QUESTIONS — answer after data is filled:
A23: Q1 — Base case (S1): Which algorithm has the highest max feeder loading? Compare with HBIPSO-GR's concentrated CC-TM1 load (1.75 MW at Bus 10).
A24: Q2 — N-1 (S2, S3): Are there violations? When S2 is lost, S1 must feed everything alone — does any algorithm fail?
A25: Q3 — Sensitivity (S4, S5): At ×1.5 multiplier, does any algorithm exceed 100% loading?
A26: Q4 — Pattern: Do distributed layouts (B&C, Hybrid) consistently outperform concentrated (HBIPSO-GR) under stress?
